{
    "rmse": 0.7085068405937445,
    "mae": 0.5599856657656197,
    "r2": 0.26651040267670567
}